,Total_Reward
0,-262.275
1,74.55501
2,65.39992
3,-53.915676
4,62.63443
5,-340.99872
6,37.13356
7,74.82628
8,53.390743
9,-54.13194
10,-54.046753
11,-54.027542
12,-15929.263
13,65.37424
14,-54.737953
15,-257.9897
16,-83267.34
17,58.690536
18,-61.40997
19,66.64517
20,-11926.776
21,-18368.846
22,-120083.33
23,57.014755
24,-54.25556
25,-54.25268
26,-251189.56
27,76.80094
28,-197.01514
29,-54.006508
30,-54.06695
31,80.997215
32,-54.04536
33,-103.5359
34,-1954.9065
35,74.66803
36,-54.117523
37,-328.60657
38,-54.24269
39,-53.938747
40,72.23329
41,-263.47195
42,-56.947628
43,44.214973
44,-63.447693
45,-54.216293
46,-196.6528
47,-54.18082
48,-54.029575
49,-85.931496
50,-54.5248
51,-57.78158
52,-196.97833
53,-71.07118
54,-54.115345
55,-53.87606
56,-54.281456
57,74.855995
58,-195.42581
59,85.1478
60,-205.01929
61,-54.414253
62,-54.091953
63,-320.12683
64,-53.808594
65,-420.46613
66,-54.266212
67,-12303.032
68,-131.38953
69,-54.397484
70,-54.217285
71,-53.979492
72,-1367.3234
73,74.135956
74,-131.43279
75,-53.92978
76,64.922104
77,-54.66579
78,76.70679
79,-81.7308
80,70.06296
81,-54.103413
82,61.743076
83,73.91214
84,-53.901764
85,70.84736
86,-54.192444
87,-53.769558
88,-53.985443
89,72.74712
90,-53.894295
91,-54.33111
92,80.72582
93,60.68573
94,-58.141632
95,-84.583145
96,-54.008263
97,-444.0671
98,64.51311
99,-53.980537
100,-54.0306
101,-293.82425
102,-53.783722
103,-54.239365
104,-95.33615
105,-54.13661
106,-57.578117
107,-53.94035
108,-88.41765
109,-76.18898
110,-58.252903
111,-2026.475
112,-90.13861
113,-54.14778
114,-54.213852
115,-424.2438
116,-75.51724
117,-376.36124
118,-378.54187
119,-258.5077
120,76.48442
121,-304.4306
122,-54.02296
123,77.0802
124,-54.089687
125,-343.67993
126,-54.285213
127,80.13636
128,-53.88565
129,78.256836
130,-54.031036
131,-53.75922
132,-66.73662
133,-304.374
134,-57.975117
135,-64.644615
136,-280.26785
137,-275.56824
138,-53.871082
139,-54.02362
140,-53.725647
141,34.786026
142,-53.92757
143,82.90274
144,64.78432
145,-2216.36
146,-54.2058
147,49.090153
148,62.54095
149,74.56729
150,79.58665
151,-53.789703
152,-7359.6875
153,66.06581
154,-952.09216
155,81.31646
156,-522.79425
157,-54.53323
158,-53.968964
159,-516.05927
160,-54.460648
161,-81.34569
162,-316.62103
163,-196.94406
164,-196.92273
165,-53.927795
166,-54.166794
167,-305.76822
168,64.43335
169,-64.85226
170,-62.606415
171,-54.326626
172,20.153072
173,-50858.734
174,73.82929
175,-53.952286
176,177.84744
177,-53.982838
178,-54.037144
179,-8777.415
180,66.04607
181,70.71843
182,76.44008
183,-393.73645
184,62.379692
185,-53.9683
186,-142.1774
187,-53.94053
188,-57.667667
189,-54.345604
190,68.862236
191,-53.761562
192,-53.95085
193,81.47933
194,-58.577156
195,-451.6099
196,59.77828
197,-53.844227
198,-189.18405
199,-353.06537
200,-53.88298
201,-54.051018
202,-191.89445
203,-71.70187
204,-67.40248
205,77.46893
206,-54.578735
207,-197.37172
208,-53.949688
209,36.722866
210,-197.24544
211,-197.2649
212,85.37045
213,-53.80371
214,-53.903744
215,-53.779488
216,-53.782375
217,-53.915283
218,-54.76195
219,71.10076
220,-57.291027
221,-54.119488
222,64.73351
223,-53.91992
224,69.52797
225,80.57823
226,81.42565
227,-435.4493
228,-233.50757
229,-904.7033
230,76.112564
231,-54.049942
232,-97.47049
233,-95.24879
234,-54.11988
235,71.26043
236,-263.88028
237,-57.862762
238,60.908047
239,-54.278965
240,-54.167297
241,-466.2752
242,80.41483
243,65.41651
244,-53.91468
245,80.07083
246,-256.37112
247,-197.31432
248,-54.22573
249,-405.51968
250,-284.49786
251,-54.06341
252,-54.093285
253,-58.802216
254,-1540.5288
255,-278.00095
256,63.754425
257,-54.106575
258,-43.98423
259,-53.874004
260,-53.952248
261,-54.191902
262,68.93094
263,-58.81702
264,-56.817986
265,-64.04496
266,-54.13875
267,-53.998398
268,-409.2147
269,-76.7862
270,71.809074
271,-54.008278
272,-54.116604
273,-53.869244
274,-57.472675
275,-232.73601
276,71.119934
277,-54.356785
278,79.2938
279,-1104.9022
280,74.58179
281,-68.07572
282,-263.8288
283,-197.35675
284,-66.61895
285,-197.36964
286,-54.460865
287,-197.27478
288,-1927.2306
289,-281.40573
290,62.82843
291,-96.915436
292,-289.49707
293,64.587616
294,-271.37033
295,-54.358093
296,51.83711
297,-16760.99
298,-53.844383
299,-58.46033
300,71.7702
301,-54.06781
302,70.7989
303,75.73403
304,-53.803795
305,-54.095203
306,-53.993774
307,-302.54614
308,-54.146614
309,79.97054
310,-53.911232
311,-987.94635
312,-58.193413
313,-54.06845
314,-53.80313
315,-53.79581
316,-54.095818
317,-277.7357
318,-53.931145
319,-53.784336
320,-85.69368
321,-53.741997
322,-54.26361
323,-53.732216
324,84.84662
325,76.35956
326,71.60333
327,60.668266
328,-234.03346
329,-2599.4546
330,-54.28431
331,-54.33065
332,177.62007
333,-54.172443
334,-54.26646
335,-53.99622
336,-54.199043
337,63.106438
338,79.10835
339,-54.386402
340,68.75844
341,-409.0432
342,80.70329
343,-272.2596
344,-53.803555
345,70.66599
346,-54.01093
347,83.23313
348,-53.8924
349,-347.49216
350,-54.181973
351,78.65799
352,-59.6425
353,-1813.2249
354,-1861.3654
355,-320.31677
356,-275.6651
357,-54.010727
358,-68.46123
359,-54.08737
360,-54.211124
361,-239.38965
362,68.15445
363,-53.815643
364,-54.139652
365,-54.161243
366,-59.79794
367,173.45021
368,-63.459393
369,-53.804222
370,78.37586
371,-54.03868
372,84.59233
373,-88.103
374,-53.996418
375,-54.12981
376,-53.702793
377,79.86113
378,69.95819
379,79.53553
380,-54.003296
381,-54.170013
382,-556.1273
383,-67.65872
384,87.36411
385,80.91011
386,70.750015
387,-46.692055
388,-54.048157
389,79.53941
390,82.33836
391,-65.25057
392,-283.6596
393,-54.48506
394,-54.11101
395,-304.43076
396,30.08861
397,-53.586296
398,80.59563
399,78.774055
400,-9191.839
401,-131.14532
402,82.832756
403,-53.643566
404,66.890915
405,23.009048
406,-197.43376
407,-53.95008
408,-394.69275
409,-197.43748
410,87.86737
411,67.46579
412,-53.96708
413,-53.914215
414,69.90774
415,-53.90393
416,-59.837578
417,76.61095
418,-53.95386
419,-139.83531
420,-53.769737
421,-62.096367
422,-27015.006
423,58.07501
424,77.35477
425,78.52548
426,-524.1011
427,-54.244205
428,-53.943825
429,25.352516
430,53.261505
431,-53.906677
432,-18842.082
433,51.996197
434,80.01029
435,65.453575
436,-2117.5994
437,-66.4966
438,-53.745792
439,-341.22418
440,-53.78211
441,71.902084
442,-54.143078
443,79.38124
444,-897.3814
445,-54.042816
446,-53.754433
447,69.30818
448,-197.37253
449,-58.15621
450,75.54267
451,80.81012
452,-53.875698
453,-53.954716
454,-53.88484
455,-53.92517
456,-53.82763
457,180.28343
458,-53.995102
459,-54.123802
460,-1156.4528
461,-54.147465
462,-63.54293
463,78.05014
464,66.69847
465,-79.287506
466,-322.3127
467,-54.161644
468,-61.215122
469,-54.36486
470,-54.426216
471,-61.23317
472,-53.795013
473,69.53045
474,68.95839
475,-265.32825
476,-53.969997
477,-82.337814
478,60.18029
479,78.24588
480,-54.346497
481,-53.922123
482,84.205734
483,-54.077023
484,-6290.4004
485,-320.92105
486,71.72528
487,-197.29514
488,61.428795
489,-54.22009
490,-251.37424
491,-60.927593
492,-299.1934
493,72.046646
494,81.313194
495,-695.277
496,-54.115265
497,-57.51429
498,-54.06553
499,-54.092567
500,-2133.193
501,-54.52293
502,-71.949326
503,22.75893
504,-54.162567
505,-197.4004
506,-95.04414
507,-53.920425
508,-53.68398
509,-277.36115
510,-54.153034
511,-263.13522
512,-71.5617
513,-54.107616
514,-54.59571
515,-54.311108
516,65.747375
517,-65.04634
518,-53.97358
519,81.99109
520,-64.6458
521,-57.572285
522,-53.993946
523,-53.91993
524,77.29254
525,65.49118
526,-69.93544
527,-65.66326
528,21.507034
529,-54.049973
530,75.94148
531,-53.970314
532,-53.8774
533,79.426895
534,87.316284
535,-68.27537
536,72.03333
537,-54.036354
538,-54.188915
539,-61.51616
540,-54.34826
541,-293.78198
542,71.59961
543,-53.89126
544,-149.46255
545,-54.015045
546,-54.20459
547,77.092606
548,-54.14055
549,-53.846214
550,-54.131985
551,-5274.878
552,-1158.3965
553,-53.69586
554,-294.23538
555,-293.5202
556,-74.78352
557,-54.034435
558,-53.96862
559,54.5161
560,-57.68698
561,-247.31735
562,-1480.468
563,-53.950703
564,-54.28936
565,-53.697136
566,-58.67069
567,80.04001
568,-66.07309
569,70.603676
570,-197.5062
571,-482.87927
572,-53.891735
573,66.70796
574,-54.23344
575,84.00099
576,-53.908283
577,77.591484
578,-54.207947
579,-53.923637
580,64.27225
581,77.536835
582,-53.746048
583,82.67792
584,-77.15765
585,-283.34766
586,-53.747402
587,-302.63782
588,172.68938
589,-65.656166
590,-54.111134
591,-53.729992
592,-54.24119
593,79.09629
594,-57.731564
595,-54.110096
596,-54729.637
597,82.0909
598,-1278.0024
599,82.9523
600,-53.768833
601,55.01433
602,80.49465
603,-346.3969
604,-361.4981
605,-98.141174
606,33.587967
607,71.18234
608,-61.976654
609,-203.0608
610,-54.08521
611,-53.7479
612,-54.16748
613,80.20896
614,71.96513
615,58.710644
616,54.643173
617,-328.58398
618,76.20425
619,-266.0647
620,171.99088
621,80.648964
622,-59.71574
623,-53.726055
624,-248.63698
625,80.76155
626,-53.9715
627,-59.42437
628,-54.322266
629,-44.492874
630,-53.790565
631,-61.582733
632,-197.44588
633,80.92357
634,-60.900143
635,72.21961
636,-90.56923
637,-280.25354
638,-53.88134
639,-53.648148
640,-53.705063
641,-74.76764
642,-284.4258
643,-408.60593
644,-58136.457
645,-54.301678
646,-169.92978
647,-61.44915
648,70.07302
649,-54.198315
650,-60.564224
651,-53.699062
652,71.78063
653,-53.852253
654,50.503944
655,-53.92528
656,-65.35198
657,-313.14404
658,86.13698
659,-67.00308
660,-54.01925
661,69.24073
662,-57.17707
663,-54.308105
664,-288.87836
665,83.45316
666,78.39707
667,-54.328022
668,81.10296
669,-284.25342
670,-53.920326
671,-54.20171
672,-53.84711
673,-53.758778
674,-60.106567
675,-74.18931
676,-58.081474
677,-299.94885
678,-54.12143
679,-54.004517
680,-53.836353
681,-53.793766
682,78.92058
683,-53.987
684,73.72493
685,-67.42931
686,-60.810764
687,-53.907204
688,-53.917953
689,-70.227875
690,-72.0567
691,-53.831676
692,-54.153774
693,-54.223488
694,-57.413727
695,83.66911
696,55.36236
697,-54.019855
698,43.564728
699,-53.958042
700,-53.921352
701,-53.793243
702,-54.128906
703,-152.57327
704,-53.799217
705,31.346992
706,-54.16716
707,-53.768528
708,-53.939007
709,85.564186
710,-78.339066
711,-61.841812
712,-54.09809
713,-54.4394
714,-54.0556
715,-1552.5334
716,-5.590042
717,-212.35428
718,-315.112
719,-54.758537
720,-1697.4176
721,80.22652
722,77.82158
723,0.019302368
724,-54.436462
725,83.837776
726,-53.730198
727,-53.778324
728,-225.59534
729,-54.03238
730,-278.57288
731,-400.51074
732,-54.30227
733,69.6793
734,-309.67117
735,-63.89619
736,-54.0615
737,82.356445
738,-54.091396
739,-53.861958
740,-53.777897
741,-53.96397
742,84.80514
743,-70.12494
744,79.36315
745,-62.368393
746,-53.964798
747,-2997.6555
748,-53.916935
749,87.897675
750,-53.984524
751,80.73223
752,81.37705
753,-54.008713
754,-54.030148
755,-53.7699
756,56.71547
757,-1121.9492
758,-334.749
759,83.038666
760,83.74411
761,-54.238842
762,-53.913197
763,-53.984955
764,-203.46089
765,-53.809814
766,-276.13373
767,-3288.468
768,79.26531
769,-53.986614
770,-69.081894
771,-54.088165
772,-53.851624
773,-53.766514
774,-53.972553
775,72.525
776,-53.956635
777,-57.09139
778,-54.364655
779,-57.876617
780,82.07116
781,74.794205
782,-591.5655
783,182.88632
784,-358.63464
785,19.09741
786,-57.1626
787,-197.33418
788,77.31118
789,-64.40421
790,-53.804665
791,80.03242
792,-53.748898
793,73.73221
794,-54.012524
795,-53.86658
796,-53.99736
797,-53.771515
798,-53.960354
799,-57.160633
800,-53.79335
801,-426.13974
802,-263.9184
803,85.45788
804,180.51501
805,-53.786354
806,75.6093
807,81.36679
808,82.11098
809,-66.79618
810,71.123665
811,-53.7807
812,-56.520424
813,-54.02667
814,71.51691
815,66.56612
816,-53.687447
817,-1159.116
818,-242.01352
819,80.743286
820,-54.293015
821,-53.86284
822,-62.15738
823,-60.802902
824,-53.95988
825,-396.51483
826,-53.996323
827,-53.793713
828,-197.43517
829,-53.976196
830,-53.899673
831,80.57686
832,-429.16382
833,-57.77138
834,-54.056683
835,-53.751133
836,77.145424
837,-53.72752
838,67.95598
839,-54.07068
840,82.11642
841,-197.41656
842,-3806.9607
843,47.58608
844,-197.47572
845,-53.952568
846,-90.65535
847,-53.99467
848,82.19273
849,-197.3887
850,-54.136524
851,83.39734
852,-225.02356
853,-53.81919
854,73.40809
855,-63.27895
856,-53.912804
857,-53.92577
858,85.00286
859,-54.12471
860,-197.25967
861,-80.53705
862,-305.52576
863,-53.964066
864,80.006775
865,-54.17446
866,-75.80047
867,72.38835
868,-54.224907
869,-53.840237
870,-257.5864
871,-54.313923
872,69.623825
873,43.25295
874,-54.068462
875,-53.784653
876,-53.745667
877,-53.899162
878,79.40096
879,-53.84007
880,-53.95691
881,-64.78749
882,179.22926
883,-54.051304
884,-197.3746
885,-33674.39
886,-1798.7142
887,-69.05503
888,73.423134
889,34.021935
890,-67.93156
891,84.881096
892,-60.04643
893,-53.984524
894,-54.182045
895,-70.48532
896,-54.069664
897,-53.708378
898,-53.877754
899,-61.12126
900,-53.78058
901,-54.46826
902,86.40499
903,-54.124653
904,-285.82166
905,-53.91305
906,-53.922688
907,-54.007603
908,-53.87784
909,-53.93439
910,-17330.268
911,83.69514
912,82.43243
913,-53.78895
914,-54.07589
915,81.458496
916,83.711494
917,-21774.89
918,72.07006
919,-54.060562
920,-2671.9866
921,-53.965813
922,-197.46721
923,-53.766224
924,85.28567
925,-58.291553
926,-61.112083
927,70.53404
928,-53.688713
929,-53.956936
930,84.070114
931,-53.87463
932,80.85368
933,-351.6013
934,-72.55482
935,-354.91882
936,84.2621
937,-53.65517
938,-54.3893
939,-54.207306
940,-63.997173
941,-53.86159
942,-64.28118
943,-54.169884
944,78.29985
945,-57.957516
946,-197.48984
947,70.88633
948,-65.278175
949,64.52719
950,-59.46707
951,-54.014343
952,-197.54399
953,-54.069435
954,-54.153996
955,-61.019455
956,-53.867558
957,-153480.86
958,-287.8389
959,-265016.25
960,74.628975
961,-53.813465
962,-1622.6948
963,-60.199158
964,79.73863
965,-197.31984
966,-363.39847
967,-327.3407
968,-196.24323
969,69.491714
970,-53.97273
971,-54.313194
972,-400.14136
973,68.5529
974,47.365364
975,-53.92621
976,80.752266
977,-53.702457
978,-262.8048
979,89.05398
980,-53.766502
981,70.15625
982,-53.9596
983,85.968575
984,-174.2672
985,-54.2873
986,-196.818
987,-197.17514
988,-28557.852
989,-53.726166
990,-196.84807
991,-53.873856
992,-53.91011
993,-196.91669
994,-196.60486
995,-196.03152
996,-197.09125
997,-53.870735
998,-62.17185
999,80.32803
1000,-175.08664
1001,-238.44586
1002,-54.025547
1003,-53.799
1004,67.83912
1005,79.82837
1006,85.43258
1007,78.62
1008,-53.887287
1009,-54.270863
1010,-197.14378
1011,-361.45435
1012,56.320267
1013,-59.647564
1014,-61.18893
1015,-197.16219
1016,-54.05144
1017,-350.7306
1018,-135.8833
1019,-196.79576
1020,-54.06035
1021,-196.94255
1022,-196.65422
1023,-196.79922
1024,-196.65605
1025,-1893.9629
1026,-124.45418
1027,-210.56064
1028,66.15376
1029,-54.059494
1030,-70.633575
1031,-53.77355
1032,-131.0441
1033,-53.839375
1034,77.83979
1035,88.0686
1036,80.2972
1037,-54.229065
1038,-196.2905
1039,-54.162483
1040,-53.913464
1041,-53.733112
1042,-64.72273
1043,-196.79468
1044,-289.0826
1045,-196.68103
1046,-196.46259
1047,-53.97797
1048,-53.90993
1049,-53.94841
1050,81.50699
1051,-196.91638
1052,-252.77496
1053,-196.67769
1054,-53.88158
1055,-196.68526
1056,81.34999
1057,-196.52095
1058,80.844124
1059,59.359123
1060,80.078735
1061,-53.93501
1062,-54.035236
1063,-2470.2644
1064,-274.97476
1065,185.53113
1066,-197.0281
1067,-53.833843
1068,-53.75183
1069,-59.945656
1070,-81.87026
1071,-196.6376
1072,-53.69557
1073,-54.410336
1074,-63.78521
1075,-195.8205
1076,-62.486603
1077,82.48038
1078,-53.93234
1079,-196.8332
1080,-53.85992
1081,-196.9566
1082,-1367.7339
1083,79.41643
1084,83.10593
1085,-57.48368
1086,-54.613106
1087,-197.14276
1088,75.632935
1089,-60.320908
1090,-197.05719
1091,-53.90676
1092,-373.8602
1093,-53.740993
1094,-54.188515
1095,-67.082436
1096,-54.051556
1097,-53.94038
1098,-53.83868
1099,-53.8328
1100,-54.448193
1101,-53.977276
1102,-434.88824
1103,-133.47041
1104,-196.99303
1105,-138.5663
1106,-196.45786
1107,83.01593
1108,-53.830944
1109,-53.814423
1110,-196.45865
1111,74.09052
1112,-196.74915
1113,-196.97765
1114,-9335.349
1115,83.812614
1116,-28820.998
1117,-196.50705
1118,-196.4981
1119,-195.27818
1120,-195.83575
1121,88.51265
1122,-53.777245
1123,-53.99231
1124,76.54625
1125,81.19098
1126,-196.76962
1127,-196.64598
1128,-196.62123
1129,-54.06707
1130,76.23199
1131,-53.98907
1132,-685.8729
1133,-54.025166
1134,31.898045
1135,-219.76184
1136,73.50452
1137,74.02267
1138,-315.4754
1139,69.29876
1140,-54.29599
1141,83.70843
1142,-303.15884
1143,81.46355
1144,-53.751877
1145,-1211.9153
1146,-53.885075
1147,-53.946728
1148,-196.7132
1149,-54.029854
1150,-53.970184
1151,86.68586
1152,-54.228577
1153,-108700.14
1154,-196.31311
1155,-196.14224
1156,-196.24168
1157,-53.799744
1158,-54.144043
1159,-54.019367
1160,-53.832672
1161,-61.891594
1162,-225.75897
1163,83.433685
1164,82.61073
1165,77.099106
1166,-53.941696
1167,-323.95483
1168,-67.556145
1169,82.08024
1170,-196.79814
1171,69.1708
1172,-196.18765
1173,-196.1737
1174,-53.99178
1175,-196.87575
1176,-54.077553
1177,-196.89447
1178,88.91797
1179,81.775795
1180,-196.95566
1181,-57.090965
1182,-53.83285
1183,-196.12476
1184,-53.67925
1185,-53.83788
1186,-221.774
1187,-58.16111
1188,74.820786
1189,85.12905
1190,73.31898
1191,-195.2616
1192,-196.66106
1193,-196.29457
1194,-59.706646
1195,-74.598724
1196,88.146484
1197,-196.83665
1198,88.0896
1199,-197.07312
1200,-197.0242
1201,-251.98993
1202,-53.623676
1203,-53.819817
1204,-197.25461
1205,-197.1135
1206,-58.66388
1207,-53.780903
1208,-54.1458
1209,72.997375
1210,80.00386
1211,77.00362
1212,73.1375
1213,78.34141
1214,-54.214394
1215,-54.004204
1216,-58.93313
1217,-54.107277
1218,-53.79361
1219,-53.970177
1220,78.76837
1221,-64.72659
1222,-53.87873
1223,-53.799843
1224,-348.68317
1225,-54.051067
1226,-54.16622
1227,-53.9493
1228,-53.779076
1229,83.39716
1230,-197.3479
1231,-57.686825
1232,-54.025093
1233,-54.062603
1234,-54.07601
1235,-370.77094
1236,-2803.3604
1237,-53.94172
1238,84.66655
1239,-54.381905
1240,-53.814034
1241,-53.944214
1242,-317.41064
1243,-197.21324
1244,-381.84595
1245,83.930725
1246,-53.90194
1247,-53.799774
1248,76.01251
1249,-60.366276
1250,-56.93676
1251,-54.057438
1252,-53.994198
1253,77.19777
1254,-53.87213
1255,-54.120003
1256,64.417984
1257,-53.955345
1258,-320.81772
1259,-133.60692
1260,-53.822964
1261,-54.061646
1262,81.5286
1263,82.61927
1264,-321.43884
1265,-53.997986
1266,79.57103
1267,86.903915
1268,66.70186
1269,-54.194878
1270,-53.763813
1271,85.71829
1272,-53.757282
1273,-53.952747
1274,-53.716972
1275,-54.014687
1276,-258.16357
1277,84.979614
1278,-53.940548
1279,66.98382
1280,77.493904
1281,75.12104
1282,-53.994495
1283,-53.891945
1284,-53.76772
1285,-70.62796
1286,-54.481186
1287,79.84779
1288,-53.825535
1289,80.8067
1290,-1217.9777
1291,-53.851788
1292,-54.079765
1293,-58.415977
1294,-53.994934
1295,41.349113
1296,-54.12852
1297,-319.61026
1298,85.55497
1299,74.58316
1300,-59.72398
1301,-54.05948
1302,71.39976
1303,73.35482
1304,-53.8484
1305,-53.6948
1306,77.91887
1307,-303.019
1308,-197.36865
1309,-53.724995
1310,-62.602856
1311,-53.749405
1312,-53.703957
1313,-53.88016
1314,-54.395218
1315,81.22609
1316,75.12902
1317,-304.56714
1318,-53.922684
1319,75.07823
1320,-57.820156
1321,-62.084335
1322,-197.32452
1323,61.043995
1324,-57.820404
1325,-53.847
1326,-54.09385
1327,-233.03381
1328,82.48405
1329,-237.2525
1330,35.12551
1331,-59.67734
1332,-197.38028
1333,74.374176
1334,33.446186
1335,-53.977016
1336,76.84016
1337,83.17883
1338,71.72956
1339,85.39072
1340,-53.743023
1341,-53.711864
1342,-76.963104
1343,-91.71041
1344,78.288445
1345,71.02489
1346,-197.40268
1347,-53.650387
1348,-53.747944
1349,-62.251564
1350,-53.747993
1351,-53.577347
1352,-53.87456
1353,75.74073
1354,75.69348
1355,-323.7637
1356,-53.933582
1357,87.1044
1358,-232.58002
1359,71.31827
1360,82.39481
1361,87.04624
1362,-459.66193
1363,-53.748367
1364,-53.671333
1365,-128.22879
1366,-197.47815
1367,-328.32373
1368,63.08833
1369,-53.669434
1370,-218.92108
1371,66.38666
1372,-197.46597
1373,-53.725113
1374,-53.738663
1375,-53.8238
1376,75.9659
1377,-54.042572
1378,-57.41712
1379,-197.57272
1380,-54.26863
1381,-70.927124
1382,85.86276
1383,-54.115578
1384,-53.854996
1385,77.82659
1386,82.45727
1387,-341.72424
1388,57.715782
1389,-219.27145
1390,-53.954685
1391,-136.94617
1392,-197.2609
1393,-57204.758
1394,77.747925
1395,70.657265
1396,-197.4962
1397,-53.669884
1398,-72.08561
1399,80.95651
1400,-53.935883
1401,-54.22423
1402,-53.802246
1403,76.426094
1404,78.969406
1405,69.48494
1406,82.596855
1407,87.088745
1408,-53.668575
1409,-53.739067
1410,-53.905888
1411,-53.955208
1412,85.75377
1413,-53.804005
1414,-53.799404
1415,-405.21854
1416,-197.58417
1417,-54.15646
1418,-53.697346
1419,-84.87855
1420,74.71521
1421,-53.66874
1422,-53.81472
1423,-54.02238
1424,-53.896103
1425,-248.073
1426,61.612694
1427,-53.802887
1428,-62.293015
1429,-61.267044
1430,75.07907
1431,-53.75585
1432,-53.757965
1433,-53.859222
1434,-53.886883
1435,67.58522
1436,73.26198
1437,-53.93233
1438,85.687195
1439,-53.667534
1440,-53.899933
1441,-53.913643
1442,-197.43715
1443,79.57681
1444,-53.963158
1445,84.0065
1446,-53.84671
1447,-53.825737
1448,-53.926327
1449,-54.073612
1450,87.93529
1451,-291.17203
1452,85.29516
1453,88.66455
1454,-53.837585
1455,86.13989
1456,81.78489
1457,-53.885086
1458,-53.806
1459,-54.08652
1460,-61.041317
1461,-54.075245
1462,-1059.123
1463,-228.12267
1464,-53.667217
1465,-53.862194
1466,-53.901535
1467,-53.730667
1468,64.07017
1469,-53.648018
1470,-53.881557
1471,-53.91396
1472,79.19991
1473,-197.50851
1474,73.26537
1475,79.118164
1476,-254.71652
1477,-53.969025
1478,-54.219406
1479,88.35663
1480,82.142555
1481,80.74606
1482,-56.90937
1483,-53.676605
1484,-267.14743
1485,-54.374798
1486,60.148273
1487,-78.66693
1488,85.69503
1489,-353.00708
1490,-197.48358
1491,81.62524
1492,-71.86981
1493,-54.11348
1494,88.41286
1495,-53.857735
1496,86.52178
1497,70.78485
1498,-54.395035
1499,-53.7268
1500,-53.93299
1501,-197.41838
1502,81.35341
1503,-1519.2255
1504,13.172798
1505,-53.798233
1506,68.03112
1507,-53.66944
1508,-67.71002
1509,66.2905
1510,-79.801476
1511,-54.201576
1512,-47907.086
1513,-53.955933
1514,-63.507645
1515,-53.76421
1516,-54.0207
1517,-197.49173
1518,-273.46558
1519,-53.84221
1520,-57.15537
1521,76.54986
1522,-61.600212
1523,-300.19193
1524,-472.0842
1525,-56.623726
1526,-53.80567
1527,77.523636
1528,-54.12384
1529,66.96621
1530,81.33977
1531,81.48926
1532,-67.591995
1533,-197.19618
1534,-60.048412
1535,-196.54712
1536,-268.96542
1537,83.004944
1538,71.36386
1539,88.29808
1540,-53.731644
1541,-356.07208
1542,-54.175533
1543,-67.29663
1544,-53.77597
1545,82.603096
1546,-251.5438
1547,79.44789
1548,82.18977
1549,71.06307
1550,-53.787598
1551,82.749794
1552,-53.788868
1553,-53.919235
1554,37.859516
1555,-756.22174
1556,-56.8655
1557,-53.86722
1558,-197.4553
1559,-53.917366
1560,-53.746338
1561,-54.013252
1562,-54.012455
1563,-197.25665
1564,-53.828445
1565,72.364746
1566,-53.86065
1567,-416.93353
1568,54.51873
1569,-54.01016
1570,89.65033
1571,-53.786423
1572,76.272194
1573,-54.03335
1574,-53.852005
1575,-53.79077
1576,83.46684
1577,70.85389
1578,-197.03821
1579,-53.859737
1580,-65.266
1581,71.10194
1582,-54.08786
1583,74.536064
1584,-64.49458
1585,-197.20349
1586,-53.87544
1587,84.6125
1588,-270.70645
1589,-53.96576
1590,86.23756
1591,81.111626
1592,86.17286
1593,-53.733715
1594,-63.75603
1595,79.039604
1596,-53.75855
1597,87.37997
1598,-137.10313
1599,84.20546
1600,-1131.6627
1601,-53.923767
1602,83.21698
1603,-54.214592
1604,-54.223373
1605,74.57707
1606,84.80628
1607,-69.88213
1608,-54.005775
1609,-252.97203
1610,-54.107903
1611,-61.855778
1612,83.03822
1613,-57.655186
1614,75.552376
1615,85.54301
1616,-53.768417
1617,-265.12866
1618,-53.964714
1619,83.76724
1620,87.77117
1621,-53.650177
1622,81.96245
1623,71.80956
1624,-53.905724
1625,-53.930992
1626,-53.914146
1627,-57.692566
1628,76.7309
1629,-53.915134
1630,-53.806763
1631,-90.53796
1632,-54.24792
1633,-54.190197
1634,80.24546
1635,85.24381
1636,-53.857063
1637,-457.42166
1638,-229.2852
1639,80.93362
1640,-53.80808
1641,44.324093
1642,-53.96776
1643,-53.89703
1644,-54.009026
1645,-53.715965
1646,-287.1714
1647,-70.42368
1648,-311.0374
1649,82.9601
1650,-54.12886
1651,-53.802418
1652,74.845215
1653,-68.09979
1654,-59.619793
1655,65.68417
1656,-197.23367
1657,-389.69135
1658,78.26992
1659,-54.08374
1660,87.5683
1661,-253.92506
1662,-54.091534
1663,-57.18619
1664,84.72849
1665,-53.635094
1666,81.67076
1667,-53.59488
1668,78.72847
1669,78.38971
1670,-46533.707
1671,-53.713963
1672,-61.492126
1673,-58.10406
1674,-232.3515
1675,-58.051117
1676,79.545876
1677,-53.97298
1678,-53.987957
1679,-53.841576
1680,-54.158463
1681,21.877754
1682,-53.989265
1683,41.153675
1684,-56.98255
1685,82.786575
1686,-53.816833
1687,-53.78545
1688,-197.34045
1689,-197.38734
1690,-53.814915
1691,-56.462418
1692,70.87033
1693,-196.73697
1694,86.17988
1695,73.23426
1696,-53.67857
1697,72.6499
1698,70.84526
1699,67.78495
1700,-53.872707
1701,-54.325706
1702,53.724487
1703,-53.90979
1704,84.11966
1705,-53.619747
1706,-54.132816
1707,-68.01824
1708,29.112602
1709,-197.15924
1710,85.285355
1711,-54.236305
1712,-53.988842
1713,83.21883
1714,83.21222
1715,-53.81271
1716,-54.077065
1717,-53.717995
1718,82.73392
1719,-54.059998
1720,-53.931095
1721,-53.930943
1722,-53.845936
1723,-71.39384
1724,75.946625
1725,79.20811
1726,-67.92944
1727,-53.835323
1728,84.91404
1729,84.711395
1730,-63.20606
1731,75.75884
1732,-62.13205
1733,-270.43256
1734,-54.734905
1735,-541.7154
1736,-53.799244
1737,63.559013
1738,-53.890476
1739,-54.021557
1740,-53.651398
1741,-197.31479
1742,-53.78594
1743,-53.939922
1744,-54.217155
1745,-197.17845
1746,83.62572
1747,84.681564
1748,-271.67584
1749,-53.883347
1750,-53.73326
1751,-53.912334
1752,-53.82413
1753,-53.74279
1754,-54.176567
1755,-232.04831
1756,82.50891
1757,-59.057426
1758,74.68746
1759,-54.12748
1760,-53.812378
1761,-53.749603
1762,-296.68988
1763,-53.665543
1764,-53.721424
1765,-53.833675
1766,-266.70108
1767,74.83454
1768,79.91927
1769,85.17975
1770,-266.44702
1771,-8865.556
1772,-272.6857
1773,-197.51093
1774,-53.847916
1775,82.96115
1776,-54.030407
1777,82.85277
1778,-66.51258
1779,82.38428
1780,79.05966
1781,-92.39754
1782,-54.167946
1783,-246.98509
1784,-54.115948
1785,-53.95856
1786,-53.741222
1787,-477.5586
1788,-514.8453
1789,-215.15454
1790,77.10643
1791,82.35183
1792,-53.611397
1793,-53.802593
1794,83.13848
1795,-197.31073
1796,-53.817657
1797,63.97615
1798,-74.61681
1799,-524.39856
1800,82.44972
1801,-53.998276
1802,-53.94736
1803,-197.09714
1804,-53.90794
1805,-73.15001
1806,-211.43594
1807,-53.728268
1808,-53.978405
1809,-10932.142
1810,-53.729908
1811,72.67284
1812,83.906456
1813,-54.112427
1814,-53.94194
1815,-366.15732
1816,-1203.726
1817,-197.23627
1818,80.977394
1819,-222.78493
1820,-53.986755
1821,74.01213
1822,80.44146
1823,-53.68242
1824,85.677475
1825,-53.724422
1826,-53.743355
1827,-319.12885
1828,78.792786
1829,-79.326706
1830,-53.754536
1831,84.69491
1832,-53.996246
1833,78.611404
1834,76.371414
1835,-56.795166
1836,-353.4069
1837,-53.860825
1838,83.82832
1839,84.72437
1840,83.0756
1841,-53.982082
1842,-53.997902
1843,-197.30537
1844,184.47711
1845,34.53487
1846,-60.677876
1847,-53.884335
1848,-5526.834
1849,-70.269775
1850,-54.185516
1851,-53.858776
1852,-53.78195
1853,77.10669
1854,82.83711
1855,-53.922234
1856,81.33804
1857,-347.25235
1858,-54.01983
1859,-53.813084
1860,-53.689926
1861,-42816.656
1862,-54.03904
1863,-53.85108
1864,-53.64968
1865,81.44842
1866,74.64621
1867,75.01422
1868,-53.683376
1869,80.28456
1870,75.09217
1871,-53.943974
1872,-54.135147
1873,82.36608
1874,-53.75437
1875,37.46958
1876,-54.3408
1877,72.65511
1878,83.395515
1879,-211.76761
1880,-197.2025
1881,-54.03534
1882,-53.891014
1883,82.87296
1884,-54.0681
1885,34.364525
1886,-54.14635
1887,75.14057
1888,74.69095
1889,81.83738
1890,-53.95269
1891,-53.77519
1892,-53.912453
1893,-230.27081
1894,-197.19913
1895,-53.693626
1896,-53.722954
1897,-231.94446
1898,35.085342
1899,-332.97705
1900,67.64383
1901,-61.60789
1902,-53.94898
1903,86.36343
1904,-208.1969
1905,-53.80492
1906,70.68693
1907,-58.00721
1908,68.34133
1909,-53.70981
1910,-53.916695
1911,-277.32794
1912,-60.61859
1913,-266.18323
1914,-53.84606
1915,87.919
1916,-73.08
1917,-63.2753
1918,-53.85865
1919,-54.102894
1920,-53.745586
1921,-228.88971
1922,-54.049137
1923,85.05667
1924,-90.43147
1925,-53.885944
1926,-54.014027
1927,-170.47525
1928,-254.56662
1929,-54.114494
1930,-53.918736
1931,-53.75182
1932,83.214294
1933,-53.73068
1934,-403.22687
1935,74.33928
1936,86.139435
1937,-70.93477
1938,-54.3978
1939,79.22146
1940,-53.734898
1941,81.01162
1942,80.407104
1943,38.205296
1944,83.57456
1945,-54.178493
1946,-197.28674
1947,-53.949528
1948,-54.09875
1949,88.8918
1950,-53.64949
1951,-54.106247
1952,-59.832108
1953,79.79763
1954,-53.7162
1955,82.68013
1956,-54.006813
1957,-53.971283
1958,85.179825
1959,86.49307
1960,-53.929626
1961,85.04532
1962,-299.19763
1963,-53.842907
1964,-54.069073
1965,75.53201
1966,86.34947
1967,-246.32162
1968,-2352.6016
1969,-38.46038
1970,-53.837463
1971,55.13675
1972,-197.26405
1973,79.03224
1974,-53.921898
1975,-53.77537
1976,-53.685852
1977,-54.309708
1978,-54.022316
1979,-61.89026
1980,86.52792
1981,-211.25258
1982,-54.082798
1983,89.38041
1984,-67.0831
1985,-60.216736
1986,-53.88645
1987,86.43953
1988,85.70271
1989,-54.012825
1990,74.83434
1991,-54.107628
1992,-54.55971
1993,-54.09271
1994,-197.35968
1995,-53.932518
1996,-53.92574
1997,73.53325
1998,-57.409615
1999,-327.26816
